id,name,addr,city,phone,type
1,arnie morton's of chicago,435 s. la cienega blv.,los angeles,310/246-1501,american
2,arnie morton's of chicago,435 s. la cienega blvd.,los angeles,310-246-1501,steakhouses
3,art's delicatessen,12224 ventura blvd.,studio city,818/762-1221,american
4,art's deli,12224 ventura blvd.,studio city,818-762-1221,delis
5,hotel bel-air,701 stone canyon rd.,bel air,310/472-1211,californian
6,bel-air hotel,701 stone canyon rd.,bel air,310-472-1211,californian
7,cafe bizou,14016 ventura blvd.,sherman oaks,818/788-3536,french
8,cafe bizou,14016 ventura blvd.,sherman oaks,818-788-3536,french bistro
9,campanile,624 s. la brea ave.,los angeles,213/938-1447,american
10,campanile,624 s. la brea ave.,los angeles,213-938-1447,californian
11,chinois on main,2709 main st.,santa monica,310/392-9025,french
12,chinois on main,2709 main st.,santa monica,310-392-9025,pacific new wave
13,citrus,6703 melrose ave.,los angeles,213/857-0034,californian
14,citrus,6703 melrose ave.,los angeles,213-857-0034,californian
15,fenix,8358 sunset blvd. west,hollywood,213/848-6677,american
16,fenix at the argyle,8358 sunset blvd.,w. hollywood,213-848-6677,french (new)
17,granita,23725 w. malibu rd.,malibu,310/456-0488,californian
18,granita,23725 w. malibu rd.,malibu,310-456-0488,californian
19,grill on the alley,9560 dayton way,los angeles,310/276-0615,american
20,grill  the,9560 dayton way,beverly hills,310-276-0615,american (traditional)
21,restaurant katsu,1972 n. hillhurst ave.,los angeles,213/665-1891,asian
22,katsu,1972 hillhurst ave.,los feliz,213-665-1891,japanese
23,l'orangerie,903 n. la cienega blvd.,los angeles,310/652-9770,french
24,l'orangerie,903 n. la cienega blvd.,w. hollywood,310-652-9770,french (classic)
25,le chardonnay,8284 melrose ave.,los angeles,213/655-8880,french
26,le chardonnay (los angeles),8284 melrose ave.,los angeles,213-655-8880,french bistro
27,locanda veneta,3rd st.,los angeles,310/274-1893,italian
28,locanda veneta,8638 w. third st.,los angeles,310-274-1893,italian
29,matsuhisa,129 n. la cienega blvd.,beverly hills,310/659-9639,asian
30,matsuhisa,129 n. la cienega blvd.,beverly hills,310-659-9639,seafood
31,the palm,9001 santa monica blvd.,los angeles,310/550-8811,american
32,palm  the (los angeles),9001 santa monica blvd.,w. hollywood,310-550-8811,steakhouses
33,patina,5955 melrose ave.,los angeles,213/467-1108,californian
34,patina,5955 melrose ave.,los angeles,213-467-1108,californian
35,philippe's the original,1001 n. alameda st.,los angeles,213/628-3781,american
36,philippe the original,1001 n. alameda st.,chinatown,213-628-3781,cafeterias
37,pinot bistro,12969 ventura blvd.,los angeles,818/990-0500,french
38,pinot bistro,12969 ventura blvd.,studio city,818-990-0500,french bistro
39,rex il ristorante,617 s. olive st.,los angeles,213/627-2300,italian
40,rex il ristorante,617 s. olive st.,los angeles,213-627-2300,nuova cucina italian
41,spago,1114 horn ave.,los angeles,310/652-4025,californian
42,spago (los angeles),8795 sunset blvd.,w. hollywood,310-652-4025,californian
43,valentino,3115 pico blvd.,santa monica,310/829-4313,italian
44,valentino,3115 pico blvd.,santa monica,310-829-4313,italian
45,yujean kang's gourmet chinese cuisine,67 n. raymond ave.,los angeles,818/585-0855,asian
46,yujean kang's,67 n. raymond ave.,pasadena,818-585-0855,chinese
47,21 club,21 w. 52nd st.,new york,212/582-7200,american
48,21 club,21 w. 52nd st.,new york city,212-582-7200,american (new)
49,aquavit,13 w. 54th st.,new york,212/307-7311,continental
50,aquavit,13 w. 54th st.,new york city,212-307-7311,scandinavian
51,aureole,34 e. 61st st.,new york,212/ 319-1660,american
52,aureole,34 e. 61st st.,new york city,212-319-1660,american (new)
53,cafe lalo,201 w. 83rd st.,new york,212/496-6031,coffee bar
54,cafe lalo,201 w. 83rd st.,new york city,212-496-6031,coffeehouses
55,cafe des artistes,1 w. 67th st.,new york,212/877-3500,continental
56,cafe des artistes,1 w. 67th st.,new york city,212-877-3500,french (classic)
57,carmine's,2450 broadway  between 90th and 91st sts.,new york,212/362-2200,italian
58,carmine's,2450 broadway,new york city,212-362-2200,italian
59,carnegie deli,854 7th ave.  between 54th and 55th sts.,new york,212/757-2245,delicatessen
60,carnegie deli,854 seventh ave.,new york city,212-757-2245,delis
61,chanterelle,2 harrison st.  near hudson st.,new york,212/966-6960,american
62,chanterelle,2 harrison st.,new york city,212-966-6960,french (new)
63,daniel,20 e. 76th st.,new york,212/288-0033,french
64,daniel,20 e. 76th st.,new york city,212-288-0033,french (new)
65,dawat,210 e. 58th st.,new york,212/355-7555,asian
66,dawat,210 e. 58th st.,new york city,212-355-7555,indian
67,felidia,243 e. 58th st.,new york,212/758-1479,italian
68,felidia,243 e. 58th st.,new york city,212-758-1479,italian
69,four seasons grill room,99 e. 52nd st.,new york,212/754-9494,american
70,four seasons,99 e. 52nd st.,new york city,212-754-9494,american (new)
71,gotham bar & grill,12 e. 12th st.,new york,212/620-4020,american
72,gotham bar & grill,12 e. 12th st.,new york city,212-620-4020,american (new)
73,gramercy tavern,42 e. 20th st.  between park ave. s and broadway,new york,212/477-0777,american
74,gramercy tavern,42 e. 20th st.,new york city,212-477-0777,american (new)
75,island spice,402 w. 44th st.,new york,212/765-1737,tel caribbean
76,island spice,402 w. 44th st.,new york city,212-765-1737,caribbean
77,jo jo,160 e. 64th st.,new york,212/223-5656,american
78,jo jo,160 e. 64th st.,new york city,212-223-5656,french bistro
79,la caravelle,33 w. 55th st.,new york,212/586-4252,french
80,la caravelle,33 w. 55th st.,new york city,212-586-4252,french (classic)
81,la cote basque,60 w. 55th st.  between 5th and 6th ave.,new york,212/688-6525,french
82,la cote basque,60 w. 55th st.,new york city,212-688-6525,french (classic)
83,le bernardin,155 w. 51st st.,new york,212/489-1515,french
84,le bernardin,155 w. 51st st.,new york city,212-489-1515,seafood
85,les celebrites,160 central park s,new york,212/484-5113,french
86,les celebrites,155 w. 58th st.,new york city,212-484-5113,french (classic)
87,lespinasse,2 e. 55th st.,new york,212/339-6719,american
88,lespinasse (new york city),2 e. 55th st.,new york city,212-339-6719,asian
89,lutece,249 e. 50th st.,new york,212/752-2225,french
90,lutece,249 e. 50th st.,new york city,212-752-2225,french (classic)
91,manhattan ocean club,57 w. 58th st.,new york,212/ 371-7777,seafood
92,manhattan ocean club,57 w. 58th st.,new york city,212-371-7777,seafood
93,march,405 e. 58th st.,new york,212/754-6272,american
94,march,405 e. 58th st.,new york city,212-754-6272,american (new)
95,mesa grill,102 5th ave.  between 15th and 16th sts.,new york,212/807-7400,american
96,mesa grill,102 fifth ave.,new york city,212-807-7400,southwestern
97,mi cocina,57 jane st.  off hudson st.,new york,212/627-8273,mexican
98,mi cocina,57 jane st.,new york city,212-627-8273,mexican
99,montrachet,239 w. broadway  between walker and white sts.,new york,212/ 219-2777,french
100,montrachet,239 w. broadway,new york city,212-219-2777,french bistro
101,oceana,55 e. 54th st.,new york,212/759-5941,seafood
102,oceana,55 e. 54th st.,new york city,212-759-5941,seafood
103,park avenue cafe,100 e. 63rd st.,new york,212/644-1900,american
104,park avenue cafe (new york city),100 e. 63rd st.,new york city,212-644-1900,american (new)
105,petrossian,182 w. 58th st.,new york,212/245-2214,french
106,petrossian,182 w. 58th st.,new york city,212-245-2214,russian
107,picholine,35 w. 64th st.,new york,212/724-8585,mediterranean
108,picholine,35 w. 64th st.,new york city,212-724-8585,mediterranean
109,pisces,95 ave. a at 6th st.,new york,212/260-6660,seafood
110,pisces,95 ave. a,new york city,212-260-6660,seafood
111,rainbow room,30 rockefeller plaza,new york,212/632-5000,or 212/632-5100 american
112,rainbow room,30 rockefeller plaza,new york city,212-632-5000,american (new)
113,river cafe,1 water st. at the east river,brooklyn,718/522-5200,american
114,river cafe,1 water st.,brooklyn,718-522-5200,american (new)
115,san domenico,240 central park s,new york,212/265-5959,italian
116,san domenico,240 central park s.,new york city,212-265-5959,italian
117,second avenue deli,156 2nd ave. at 10th st.,new york,212/677-0606,delicatessen
118,second avenue deli,156 second ave.,new york city,212-677-0606,delis
119,seryna,11 e. 53rd st.,new york,212/980-9393,asian
120,seryna,11 e. 53rd st.,new york city,212-980-9393,japanese
121,shun lee west,43 w. 65th st.,new york,212/371-8844,asian
122,shun lee palace,155 e. 55th st.,new york city,212-371-8844,chinese
123,sign of the dove,1110 3rd ave. at 65th st.,new york,212/861-8080,american
124,sign of the dove,1110 third ave.,new york city,212-861-8080,american (new)
125,smith & wollensky,201 e. 49th st.,new york,212/753-1530,american
126,smith & wollensky,797 third ave.,new york city,212-753-1530,steakhouses
127,tavern on the green,in central park at 67th st.,new york,212/873-3200,american
128,tavern on the green,central park west,new york city,212-873-3200,american (new)
129,uncle nick's,747 9th ave.  between 50th and 51st sts.,new york,212/315-1726,mediterranean
130,uncle nick's,747 ninth ave.,new york city,212-245-7992,greek
131,union square cafe,21 e. 16th st.,new york,212/243-4020,american
132,union square cafe,21 e. 16th st.,new york city,212-243-4020,american (new)
133,virgil's,152 w. 44th st.,new york,212/ 921-9494,american
134,virgil's real bbq,152 w. 44th st.,new york city,212-921-9494,bbq
135,chin's,3200 las vegas blvd. s,las vegas,702/733-8899,asian
136,chin's,3200 las vegas blvd. s.,las vegas,702-733-8899,chinese
137,coyote cafe,3799 las vegas blvd. s,las vegas,702/891-7349,southwestern
138,coyote cafe (las vegas),3799 las vegas blvd. s.,las vegas,702-891-7349,southwestern
139,le montrachet,3000 w. paradise rd.,las vegas,702/732-5111,continental
140,le montrachet bistro,3000 paradise rd.,las vegas,702-732-5651,french bistro
141,palace court,3570 las vegas blvd. s,las vegas,702/731-7547,continental
142,palace court,3570 las vegas blvd. s.,las vegas,702-731-7110,french (new)
143,second street grille,200 e. fremont st.,las vegas,702/385-3232,seafood
144,second street grill,200 e. fremont st.,las vegas,702-385-6277,pacific rim
145,steak house,2880 las vegas blvd. s,las vegas,702/734-0410,steak houses
146,steak house  the,2880 las vegas blvd. s.,las vegas,702-734-0410,steakhouses
147,tillerman,2245 e. flamingo rd.,las vegas,702/731-4036,seafood
148,tillerman  the,2245 e. flamingo rd.,las vegas,702-731-4036,steakhouses
149,abruzzi,2355 peachtree rd.  peachtree battle shopping center,atlanta,404/261-8186,italian
150,abruzzi,2355 peachtree rd. ne,atlanta,404-261-8186,italian
151,bacchanalia,3125 piedmont rd.  near peachtree rd.,atlanta,404/365-0410,international
152,bacchanalia,3125 piedmont rd.,atlanta,404-365-0410,californian
153,bone's,3130 piedmont road,atlanta,404/237-2663,american
154,bone's restaurant,3130 piedmont rd. ne,atlanta,404-237-2663,steakhouses
155,brasserie le coze,3393 peachtree rd.  lenox square mall  near neiman marcus,atlanta,404/266-1440,french
156,brasserie le coze,3393 peachtree rd.,atlanta,404-266-1440,french bistro
157,buckhead diner,3073 piedmont road,atlanta,404/262-3336,american
158,buckhead diner,3073 piedmont rd.,atlanta,404-262-3336,american (new)
159,ciboulette,1529 piedmont ave.,atlanta,404/874-7600,french
160,ciboulette restaurant,1529 piedmont ave.,atlanta,404-874-7600,french (new)
161,delectables,1 margaret mitchell sq.,atlanta,404/681-2909,american
162,delectables,1 margaret mitchell sq.,atlanta,404-681-2909,cafeterias
163,georgia grille,2290 peachtree rd.  peachtree square shopping center,atlanta,404/352-3517,american
164,georgia grille,2290 peachtree rd.,atlanta,404-352-3517,southwestern
165,hedgerose heights inn,490 e. paces ferry rd.,atlanta,404/233-7673,international
166,hedgerose heights inn  the,490 e. paces ferry rd. ne,atlanta,404-233-7673,continental
167,heera of india,595 piedmont ave.  rio shopping mall,atlanta,404/876-4408,asian
168,heera of india,595 piedmont ave.,atlanta,404-876-4408,indian
169,indigo coastal grill,1397 n. highland ave.,atlanta,404/876-0676,caribbean
170,indigo coastal grill,1397 n. highland ave.,atlanta,404-876-0676,eclectic
171,la grotta,2637 peachtree rd.  peachtree house condominium,atlanta,404/231-1368,italian
172,la grotta,2637 peachtree rd. ne,atlanta,404-231-1368,italian
173,mary mac's tea room,224 ponce de leon ave.,atlanta,404/876-1800,southern
174,mary mac's tea room,224 ponce de leon ave.,atlanta,404-876-1800,southern/soul
175,nikolai's roof,255 courtland st.  at harris st.,atlanta,404/221-6362,continental
176,nikolai's roof,255 courtland st.,atlanta,404-221-6362,continental
177,pano's and paul's,1232 w. paces ferry rd.,atlanta,404/261-3662,international
178,pano's & paul's,1232 w. paces ferry rd.,atlanta,404-261-3662,american (new)
179,cafe  ritz-carlton  buckhead,3434 peachtree rd.,atlanta,404/237-2700,ext 6108 international
180,ritz-carlton cafe (buckhead),3434 peachtree rd. ne,atlanta,404-237-2700,american (new)
181,dining room  ritz-carlton  buckhead,3434 peachtree rd.,atlanta,404/237-2700,international
182,ritz-carlton dining room (buckhead),3434 peachtree rd. ne,atlanta,404-237-2700,american (new)
183,restaurant  ritz-carlton  atlanta,181 peachtree st.,atlanta,404/659-0400,continental
184,ritz-carlton restaurant,181 peachtree st.,atlanta,404-659-0400,french (classic)
185,toulouse,b peachtree rd.,atlanta,404/351-9533,french
186,toulouse,293-b peachtree rd.,atlanta,404-351-9533,french (new)
187,veni vidi vici,41 14th st.,atlanta,404/875-8424,italian
188,veni vidi vici,41 14th st.,atlanta,404-875-8424,italian
189,alain rondelli,126 clement st.,san francisco,415/387-0408,french
190,alain rondelli,126 clement st.,san francisco,415-387-0408,french (new)
191,aqua,252 california st.,san francisco,415/956-9662,seafood
192,aqua,252 california st.,san francisco,415-956-9662,american (new)
193,boulevard,1 mission st.,san francisco,415/543-6084,american
194,boulevard,1 mission st.,san francisco,415-543-6084,american (new)
195,cafe claude,7 claude la.,san francisco,415/392-3505,french
196,cafe claude,7 claude ln.,san francisco,415-392-3505,french bistro
197,campton place,340 stockton st.,san francisco,415/955-5555,american
198,campton place,340 stockton st.,san francisco,415-955-5555,american (new)
199,chez michel,804 northpoint,san francisco,415/775-7036,french
200,chez michel,804 north point st.,san francisco,415-775-7036,californian
201,fleur de lys,777 sutter st.,san francisco,415/673-7779,french
202,fleur de lys,777 sutter st.,san francisco,415-673-7779,french (new)
203,fringale,570 4th st.,san francisco,415/543-0573,french
204,fringale,570 fourth st.,san francisco,415-543-0573,french bistro
205,hawthorne lane,22 hawthorne st.,san francisco,415/777-9779,american
206,hawthorne lane,22 hawthorne st.,san francisco,415-777-9779,californian
207,khan toke thai house,5937 geary blvd.,san francisco,415/668-6654,asian
208,khan toke thai house,5937 geary blvd.,san francisco,415-668-6654,thai
209,la folie,2316 polk st.,san francisco,415/776-5577,french
210,la folie,2316 polk st.,san francisco,415-776-5577,french (new)
211,lulu,816 folsom st.,san francisco,415/495-5775,mediterranean
212,lulu restaurant-bis-cafe,816 folsom st.,san francisco,415-495-5775,mediterranean
213,masa's,648 bush st.,san francisco,415/989-7154,french
214,masa's,648 bush st.,san francisco,415-989-7154,french (new)
215,mifune japan center  kintetsu building,1737 post st.,san francisco,415/922-0337,asian
216,mifune,1737 post st.,san francisco,415-922-0337,japanese
217,plumpjack cafe,3201 fillmore st.,san francisco,415/563-4755,mediterranean
218,plumpjack cafe,3127 fillmore st.,san francisco,415-563-4755,american (new)
219,postrio,545 post st.,san francisco,415/776-7825,american
220,postrio,545 post st.,san francisco,415-776-7825,californian
221,ritz-carlton restaurant and dining room,600 stockton st.,san francisco,415/296-7465,american
222,ritz-carlton dining room (san francisco),600 stockton st.,san francisco,415-296-7465,french (new)
223,rose pistola,532 columbus ave.,san francisco,415/399-0499,italian
224,rose pistola,532 columbus ave.,san francisco,415-399-0499,italian
225,adriano's ristorante,2930 beverly glen circle,los angeles,310/475-9807,italian
226,barney greengrass,9570 wilshire blvd.,beverly hills,310/777-5877,american
227,beaurivage,26025 pacific coast hwy.,malibu,310/456-5733,french
228,bistro garden,176 n. canon dr.,los angeles,310/550-3900,californian
229,border grill,4th st.,los angeles,310/451-1655,mexican
230,broadway deli,3rd st. promenade,santa monica,310/451-0616,american
231,ca'brea,346 s. la brea ave.,los angeles,213/938-2863,italian
232,ca'del sol,4100 cahuenga blvd.,los angeles,818/985-4669,italian
233,cafe pinot,700 w. fifth st.,los angeles,213/239-6500,californian
234,california pizza kitchen,207 s. beverly dr.,los angeles,310/275-1101,californian
235,canter's,419 n. fairfax ave.,los angeles,213/651-2030.,american
236,cava,3rd st.,los angeles,213/658-8898,mediterranean
237,cha cha cha,656 n. virgil ave.,los angeles,213/664-7723,caribbean
238,chan dara,310 n. larchmont blvd.,los angeles,213/467-1052,asian
239,clearwater cafe,168 w. colorado blvd.,los angeles,818/356-0959,health food
240,dining room,9500 wilshire blvd.,los angeles,310/275-5200,californian
241,dive!,10250 santa monica blvd.,los angeles,310/788-,dive american
242,drago,2628 wilshire blvd.,santa monica,310/828-1585,italian
243,drai's,730 n. la cienega blvd.,los angeles,310/358-8585,french
244,dynasty room,930 hilgard ave.,los angeles,310/208-8765,continental
245,eclipse,8800 melrose ave.,los angeles,310/724-5959,californian
246,ed debevic's,134 n. la cienega,los angeles,310/659-1952,american
247,el cholo,1121 s. western ave.,los angeles,213/734-2773,mexican
248,gilliland's,2424 main st.,santa monica,310/392-3901,american
249,gladstone's,4 fish 17300 pacific coast hwy. at sunset blvd.,pacific palisades,310/454-3474,american
250,hard rock cafe,8600 beverly blvd.,los angeles,310/276-7605,american
251,harry's bar & american grill,2020 ave. of the stars,los angeles,310/277-2333,italian
252,il fornaio cucina italiana,301 n. beverly dr.,los angeles,310/550-8330,italian
253,jack sprat's grill,10668 w. pico blvd.,los angeles,310/837-6662,health food
254,jackson's farm,439 n. beverly drive,los angeles,310/273-5578,californian
255,jimmy's,201 moreno dr.,los angeles,310/552-2394,continental
256,joss,9255 sunset blvd.,los angeles,310/276-1886,asian
257,le colonial,8783 beverly blvd.,los angeles,310/289-0660,asian
258,le dome,8720 sunset blvd.,los angeles,310/659-6919,french
259,louise's trattoria,4500 los feliz blvd.,los angeles,213/667-0777,italian
260,mon kee seafood restaurant,679 n. spring st.,los angeles,213/628-6717,asian
261,morton's,8764 melrose ave.,los angeles,310/276-5205,american
262,nate 'n' al's,414 n. beverly dr.,los angeles,310/274-0101,american
263,nicola,601 s. figueroa st.,los angeles,213/485-0927,american
264,ocean avenue,1401 ocean ave.,santa monica,310/394-5669,american
265,orleans,11705 national blvd.,los angeles,310/479-4187,cajun
266,pacific dining car,6th st.,los angeles,213/483-6000,american
267,paty's,10001 riverside dr.,toluca lake,818/761-9126,american
268,pinot hollywood,1448 n. gower st.,los angeles,213/461-8800,californian
269,posto,14928 ventura blvd.,sherman oaks,818/784-4400,italian
270,prego,362 n. camden dr.,los angeles,310/277-7346,italian
271,rj's the rib joint,252 n. beverly dr.,los angeles,310/274-7427,american
272,remi,3rd st. promenade,santa monica,310/393-6545,italian
273,restaurant horikawa,111 s. san pedro st.,los angeles,213/680-9355,asian
274,roscoe's house of chicken 'n' waffles,1514 n. gower st.,los angeles,213/466-9329,american
275,schatzi on main,3110 main st.,los angeles,310/399-4800,continental
276,sofi,3rd st.,los angeles,213/651-0346,mediterranean
277,swingers,8020 beverly blvd.,los angeles,213/653-5858,american
278,tavola calda,7371 melrose ave.,los angeles,213/658-6340,italian
279,the mandarin,430 n. camden dr.,los angeles,310/859-0926,asian
280,tommy tang's,7313 melrose ave.,los angeles,213/937-5733,asian
281,tra di noi,3835 cross creek rd.,los angeles,310/456-0169,italian
282,trader vic's,9876 wilshire blvd.,los angeles,310/276-6345,asian
283,vida,1930 north hillhurst ave.,los feliz,213/660-4446,american
284,west beach cafe,60 n. venice blvd.,los angeles,310/823-5396,american
285,20 mott,20 mott st.  between bowery and pell st.,new york,212/964-0380,asian
286,9 jones street,9 jones st.,new york,212/989-1220,american
287,adrienne,700 5th ave. at 55th st.,new york,212/903-3918,french
288,agrotikon,322 e. 14 st.  between 1st and 2nd aves.,new york,212/473-2602,mediterranean
289,aja,937 broadway at 22nd st.,new york,212/473-8388,american
290,alamo,304 e. 48th st.,new york,212/ 759-0590,mexican
291,alley's end,311 w. 17th st.,new york,212/627-8899,american
292,ambassador grill,1 united nations plaza at 44th st.,new york,212/702-5014,american
293,american place,2 park ave. at 32nd st.,new york,212/684-2122,american
294,anche vivolo,222 e. 58th st.  between 2nd and 3rd aves.,new york,212/308-0112,italian
295,arizona,206 206 e. 60th st.,new york,212/838-0440,american
296,arturo's,106 w. houston st.  off thompson st.,new york,212/677-3820,italian
297,au mandarin,200-250 vesey st. world financial center,new york,212/385-0313,asian
298,bar anise,1022 3rd ave.  between 60th and 61st sts.,new york,212/355-1112,mediterranean
299,barbetta,321 w. 46th st.,new york,212/246-9171,italian
300,ben benson's,123 w. 52nd st.,new york,212/581-8888,american
301,big cup,228 8th ave.  between 21st and 22nd sts.,new york,212/206-0059,coffee bar
302,billy's,948 1st ave.  between 52nd and 53rd sts.,new york,212/753-1870,american
303,boca chica,13 1st ave.  near 1st st.,new york,212/473-0108,latin american
304,bolo,23 e. 22nd st.,new york,212/228-2200,mediterranean
305,boonthai,1393a 2nd ave.  between 72nd and 73rd sts.,new york,212/249-8484,asian
306,bouterin,420 e. 59th st.  off 1st ave.,new york,212/758-0323,french
307,brothers bar-b-q,225 varick st. at clarkston st.,new york,212/727-2775,american
308,bruno,240 e. 58th st.,new york,212/688-4190,italian
309,bryant park grill  roof restaurant and bp cafe,25 w. 40th st.  between 5th and 6th aves.,new york,212/840-6500,american
310,c3,103 waverly pl.  near washington sq.,new york,212/254-1200,american
311,ct,111 e. 22nd st.  between park ave. s and lexington ave.,new york,212/995-8500,french
312,cafe bianco,1486 2nd ave.  between 77th and 78th sts.,new york,212/988-2655,coffee bar
313,cafe botanica,160 central park s,new york,212/484-5120,french
314,cafe la fortuna,69 w. 71st st.,new york,212/724-5846,coffee bar
315,cafe luxembourg,200 w. 70th st.,new york,212/873-7411,french
316,cafe pierre,2 e. 61st st.,new york,212/940-8185,french
317,cafe centro,200 park ave.  between 45th st. and vanderbilt ave.,new york,212/818-1222,french
318,cafe fes,246 w. 4th st. at charles st.,new york,212/924-7653,mediterranean
319,caffe dante,81 macdougal st.  between houston and bleeker sts.,new york,212/982-5275,coffee bar
320,caffe dell'artista,46 greenwich ave.,new york,212/645-4431,coffee bar
321,caffe lure,169 sullivan st.  between houston and bleecker sts.,new york,212/473-2642,french
322,caffe reggio,119 macdougal st.  between 3rd and bleecker sts.,new york,212/475-9557,coffee bar
323,caffe roma,385 broome st. at mulberry,new york,212/226-8413,coffee bar
324,caffe vivaldi,32 jones st. at bleecker st.,new york,212/691-7538,coffee bar
325,caffe bondi ristorante,7 w. 20th st.,new york,212/691-8136,italian
326,capsouto freres,451 washington st.  near watts st.,new york,212/966-4900,french
327,captain's table,860 2nd ave. at 46th st.,new york,212/697-9538,seafood
328,casa la femme,150 wooster st.  between houston and prince sts.,new york,212/505-0005,middle eastern
329,cendrillon asian grill & marimba bar,45 mercer st.  between broome and grand sts.,new york,212/343-9012,asian
330,chez jacqueline,72 macdougal st.  between w. houston and bleecker sts.,new york,212/505-0727,french
331,chiam,160 e. 48th st.,new york,212/371-2323,asian
332,china grill,60 w. 53rd st.,new york,212/333-7788,american
333,cite,120 w. 51st st.,new york,212/956-7100,french
334,coco pazzo,23 e. 74th st.,new york,212/794-0205,italian
335,columbus bakery,53rd sts.,new york,212/421-0334,coffee bar
336,corrado cafe,1013 3rd ave.  between 60th and 61st sts.,new york,212/753-5100,coffee bar
337,cupcake cafe,522 9th ave. at 39th st.,new york,212/465-1530,coffee bar
338,da nico,164 mulberry st.  between grand and broome sts.,new york,212/343-1212,italian
339,dean & deluca,121 prince st.,new york,212/254-8776,coffee bar
340,diva,341 w. broadway  near grand st.,new york,212/941-9024,italian
341,dix et sept,181 w. 10th st.,new york,212/645-8023,french
342,docks,633 3rd ave. at 40th st.,new york,212/ 986-8080,seafood
343,duane park cafe,157 duane st.  between w. broadway and hudson st.,new york,212/732-5555,american
344,el teddy's,219 w. broadway  between franklin and white sts.,new york,212/941-7070,mexican
345,emily's,1325 5th ave. at 111th st.,new york,212/996-1212,american
346,empire korea,6 e. 32nd st.,new york,212/725-1333,asian
347,ernie's,2150 broadway  between 75th and 76th sts.,new york,212/496-1588,american
348,evergreen cafe,1288 1st ave. at 69th st.,new york,212/744-3266,asian
349,f. ille ponte ristorante,39 desbrosses st.  near west st.,new york,212/226-4621,italian
350,felix,340 w. broadway at grand st.,new york,212/431-0021,french
351,ferrier,29 e. 65th st.,new york,212/772-9000,french
352,fifty seven fifty seven,57 e. 57th st.,new york,212/758-5757,american
353,film center cafe,635 9th ave.  between 44th and 45th sts.,new york,212/ 262-2525,american
354,fiorello's roman cafe,1900 broadway  between 63rd and 64th sts.,new york,212/595-5330,italian
355,firehouse,522 columbus ave.  between 85th and 86th sts.,new york,212/595-3139,american
356,first,87 1st ave.  between 5th and 6th sts.,new york,212/674-3823,american
357,fishin eddie,73 w. 71st st.,new york,212/874-3474,seafood
358,fleur de jour,348 e. 62nd st.,new york,212/355-2020,coffee bar
359,flowers,21 west 17th st.  between 5th and 6th aves.,new york,212/691-8888,american
360,follonico,6 w. 24th st.,new york,212/691-6359,italian
361,fraunces tavern,54 pearl st. at broad st.,new york,212/269-0144,american
362,french roast,458 6th ave. at 11th st.,new york,212/533-2233,french
363,french roast cafe,2340 broadway at 85th st.,new york,212/799-1533,coffee bar
364,frico bar,402 w. 43rd st.  off 9th ave.,new york,212/564-7272,italian
365,fujiyama mama,467 columbus ave.  between 82nd and 83rd sts.,new york,212/769-1144,asian
366,gabriela's,685 amsterdam ave. at 93rd st.,new york,212/961-0574,mexican
367,gallagher's,228 w. 52nd st.,new york,212/245-5336,american
368,gianni's,15 fulton st.,new york,212/608-7300,seafood
369,girafe,208 e. 58th st.  between 2nd and 3rd aves.,new york,212/752-3054,italian
370,global,33 93 2nd ave.  between 5th and 6th sts.,new york,212/477-8427,american
371,golden unicorn,18 e. broadway at catherine st.,new york,212/ 941-0911,asian
372,grand ticino,228 thompson st.  between w. 3rd and bleecker sts.,new york,212/777-5922,italian
373,halcyon,151 w. 54th st.  in the rihga royal hotel,new york,212/468-8888,american
374,hard rock cafe,221 w. 57th st.,new york,212/489-6565,american
375,hi-life restaurant and lounge,1340 1st ave. at 72nd st.,new york,212/249-3600,american
376,home,20 cornelia st.  between bleecker and w. 4th st.,new york,212/243-9579,american
377,hudson river club,4 world financial center,new york,212/786-1500,american
378,i trulli,122 e. 27th st.  between lexington and park aves.,new york,212/481-7372,italian
379,il cortile,125 mulberry st.  between canal and hester sts.,new york,212/226-6060,italian
380,il nido,251 e. 53rd st.,new york,212/753-8450,italian
381,inca grill,492 broome st.  near w. broadway,new york,212/966-3371,latin american
382,indochine,430 lafayette st.  between 4th st. and astor pl.,new york,212/505-5111,asian
383,internet cafe,82 e. 3rd st.  between 1st and 2nd aves.,new york,212/ 614-0747,coffee bar
384,ipanema,13 w. 46th st.,new york,212/730-5848,latin american
385,jean lafitte,68 w. 58th st.,new york,212/751-2323,french
386,jewel of india,15 w. 44th st.,new york,212/869-5544,asian
387,jimmy sung's,219 e. 44th st.  between 2nd and 3rd aves.,new york,212/682-5678,asian
388,joe allen,326 w. 46th st.,new york,212/581-6464,american
389,judson grill,152 w. 52nd st.,new york,212/582-5252,american
390,l'absinthe,227 e. 67th st.,new york,212/794-4950,french
391,l'auberge,1191 1st ave.  between 64th and 65th sts.,new york,212/288-8791,middle eastern
392,l'auberge du midi,310 w. 4th st.  between w. 12th and bank sts.,new york,212/242-4705,french
393,l'udo,432 lafayette st.  near astor pl.,new york,212/388-0978,french
394,la reserve,4 w. 49th st.,new york,212/247-2993,french
395,lanza restaurant,168 1st ave.  between 10th and 11th sts.,new york,212/674-7014,italian
396,lattanzi ristorante,361 w. 46th st.,new york,212/315-0980,italian
397,layla,211 w. broadway at franklin st.,new york,212/431-0700,middle eastern
398,le chantilly,106 e. 57th st.,new york,212/751-2931,french
399,le colonial,149 e. 57th st.,new york,212/ 752-0808,asian
400,le gamin,50 macdougal st.  between houston and prince sts.,new york,212/254-4678,coffee bar
401,le jardin,25 cleveland pl.  near spring st.,new york,212/343-9599,french
402,le madri,168 w. 18th st.,new york,212/727-8022,italian
403,le marais,150 w. 46th st.,new york,212/869-0900,american
404,le perigord,405 e. 52nd st.,new york,212/755-6244,french
405,le select,507 columbus ave.  between 84th and 85th sts.,new york,212/875-1993,american
406,les halles,411 park ave. s  between 28th and 29th sts.,new york,212/679-4111,french
407,lincoln tavern,51 w. 64th st.,new york,212/721-8271,american
408,lola,30 west 22nd st.  between 5th and 6th ave.,new york,212/675-6700,american
409,lucky strike,59 grand st.  between wooster st. and w. broadway,new york,212/941-0479,or 212/941-0772 american
410,mad fish,2182 broadway  between 77th and 78th sts.,new york,212/787-0202,seafood
411,main street,446 columbus ave.  between 81st and 82nd sts.,new york,212/873-5025,american
412,mangia e bevi,800 9th ave. at 53rd st.,new york,212/956-3976,italian
413,manhattan cafe,1161 1st ave.  between 63rd and 64th sts.,new york,212/888-6556,american
414,manila garden,325 e. 14th st.  between 1st and 2nd aves.,new york,212/777-6314,asian
415,marichu,342 e. 46th st.  between 1st and 2nd aves.,new york,212/370-1866,french
416,marquet patisserie,15 e. 12th st.  between 5th ave. and university pl.,new york,212/229-9313,coffee bar
417,match,160 mercer st.  between houston and prince sts.,new york,212/906-9173,american
418,matthew's,1030 3rd ave. at 61st st.,new york,212/838-4343,american
419,mavalli palace,46 e. 29th st.,new york,212/679-5535,asian
420,milan cafe and coffee bar,120 w. 23rd st.,new york,212/807-1801,coffee bar
421,monkey bar,60 e. 54th st.,new york,212/838-2600,american
422,montien,1134 1st ave.   between 62nd and 63rd sts.,new york,212/421-4433,asian
423,morton's,551 5th ave. at 45th st.,new york,212/972-3315,american
424,motown cafe,104 w. 57th st.  near 6th ave.,new york,212/581-8030,american
425,new york kom tang soot bul house,32 w. 32nd st.,new york,212/ 947-8482,asian
426,new york noodletown,28 1/2 bowery at bayard st.,new york,212/349-0923,asian
427,newsbar,2 w. 19th st.,new york,212/255-3996,coffee bar
428,odeon,145 w. broadway at thomas st.,new york,212/233-0507,american
429,orso,322 w. 46th st.,new york,212/489-7212,italian
430,osteria al droge,142 w. 44th st.,new york,212/944-3643,italian
431,otabe,68 e. 56th st.,new york,212/223-7575,asian
432,pacifica,138 lafayette st.  between canal and howard sts.,new york,212/941-4168,asian
433,palio,151 w. 51st. st.,new york,212/245-4850,italian
434,pamir,1065 1st ave.  at 58th st.,new york,212/644-9258,middle eastern
435,parioli romanissimo,24 e. 81st st.,new york,212/288-2391,italian
436,patria,250 park ave. s at 20th st.,new york,212/777-6211,latin american
437,peacock alley,301 park ave.  between 49th and 50th sts.,new york,212/872-4895,french
438,pen & pencil,205 e. 45th st.,new york,212/682-8660,american
439,penang soho,109 spring st.  between greene and mercer sts.,new york,212/274-8883,asian
440,persepolis,1423 2nd ave.  between 74th and 75th sts.,new york,212/535-1100,middle eastern
441,planet hollywood,140 w. 57th st.,new york,212/333-7827,american
442,pomaire,371 w. 46th st.  off 9th ave.,new york,212/ 956-3055,latin american
443,popover cafe,551 amsterdam ave.  between 86th and 87th sts.,new york,212/595-8555,american
444,post house,28 e. 63rd st.,new york,212/935-2888,american
445,rain,100 w. 82nd st.,new york,212/501-0776,asian
446,red tulip,439 e. 75th st.,new york,212/734-4893,eastern european
447,remi,145 w. 53rd st.,new york,212/581-4242,italian
448,republic,37a union sq. w  between 16th and 17th sts.,new york,212/627-7172,asian
449,roettelle a. g,126 e. 7th st.  between 1st ave. and ave. a,new york,212/674-4140,continental
450,rosa mexicano,1063 1st ave. at 58th st.,new york,212/753-7407,mexican
451,ruth's chris,148 w. 51st st.,new york,212/245-9600,american
452,s.p.q.r,133 mulberry st.  between hester and grand sts.,new york,212/925-3120,italian
453,sal anthony's,55 irving pl.,new york,212/982-9030,italian
454,sammy's roumanian steak house,157 chrystie st. at delancey st.,new york,212/673-0330,east european
455,san pietro,18 e. 54th st.,new york,212/753-9015,italian
456,sant ambroeus,1000 madison ave.  between 77th and 78th sts.,new york,212/570-2211,coffee bar
457,sarabeth's kitchen,423 amsterdam ave.  between 80th and 81st sts.,new york,212/496-6280,american
458,sea grill,19 w. 49th st.,new york,212/332-7610,seafood
459,serendipity,3 225 e. 60th st.,new york,212/838-3531,american
460,seventh regiment mess and bar,643 park ave. at 66th st.,new york,212/744-4107,american
461,sfuzzi,58 w. 65th st.,new york,212/873-3700,american
462,shaan,57 w. 48th st.,new york,212/ 977-8400,asian
463,sofia fabulous pizza,1022 madison ave.  near 79th st.,new york,212/734-2676,italian
464,spring street natural restaurant & bar,62 spring st. at lafayette st.,new york,212/966-0290,american
465,stage deli,834 7th ave.  between 53rd and 54th sts.,new york,212/245-7850,delicatessen
466,stingray,428 amsterdam ave.  between 80th and 81st sts.,new york,212/501-7515,seafood
467,sweet'n'tart cafe,76 mott st. at canal st.,new york,212/334-8088,asian
468,t salon,143 mercer st. at prince st.,new york,212/925-3700,coffee bar
469,tang pavillion,65 w. 55th st.,new york,212/956-6888,asian
470,tapika,950 8th ave. at 56th st.,new york,212/ 397-3737,american
471,teresa's,103 1st ave.  between 6th and 7th sts.,new york,212/228-0604,east european
472,terrace,400 w. 119th st.  between amsterdam and morningside aves.,new york,212/666-9490,continental
473,the coffee pot,350 9th ave. at 49th st.,new york,212/265-3566,coffee bar
474,the savannah club,2420 broadway at 89th st.,new york,212/496-1066,american
475,trattoria dell'arte,900 7th ave.  between 56th and 57th sts.,new york,212/245-9800,italian
476,triangolo,345 e. 83rd st.,new york,212/472-4488,italian
477,tribeca grill,375 greenwich st.  near franklin st.,new york,212/941-3900,american
478,trois jean,154 e. 79th st.  between lexington and 3rd aves.,new york,212/988-4858,coffee bar
479,tse yang,34 e. 51st st.,new york,212/688-5447,asian
480,turkish kitchen,386 3rd ave.  between 27th and 28th sts.,new york,212/679-1810,middle eastern
481,two two two,222 w. 79th st.,new york,212/799-0400,american
482,veniero's pasticceria,342 e. 11th st.  near 1st ave.,new york,212/674-7264,coffee bar
483,verbena,54 irving pl. at 17th st.,new york,212/260-5454,american
484,victor's cafe,52 236 w. 52nd st.,new york,212/586-7714,latin american
485,vince & eddie's,70 w. 68th st.,new york,212/721-0068,american
486,vong,200 e. 54th st.,new york,212/486-9592,american
487,water club,500 e. 30th st.,new york,212/683-3333,american
488,west,63rd street steakhouse 44 w. 63rd st.,new york,212/246-6363,american
489,xunta,174 1st ave.  between 10th and 11th sts.,new york,212/614-0620,mediterranean
490,zen palate,34 union sq. e at 16th st.,new york,212/614-9291,and 212/614-9345 asian
491,zoe,90 prince st.  between broadway and mercer st.,new york,212/966-6722,american
492,abbey,163 ponce de leon ave.,atlanta,404/876-8532,international
493,aleck's barbecue heaven,783 martin luther king jr. dr.,atlanta,404/525-2062,barbecue
494,annie's thai castle,3195 roswell rd.,atlanta,404/264-9546,asian
495,anthonys,3109 piedmont rd.  just south of peachtree rd.,atlanta,404/262-7379,american
496,atlanta fish market,265 pharr rd.,atlanta,404/262-3165,american
497,beesley's of buckhead,260 e. paces ferry road,atlanta,404/264-1334,continental
498,bertolini's,3500 peachtree rd.  phipps plaza,atlanta,404/233-2333,italian
499,bistango,1100 peachtree st.,atlanta,404/724-0901,mediterranean
500,cafe renaissance,7050 jimmy carter blvd.  norcross,atlanta,770/441--0291,american
501,camille's,1186 n. highland ave.,atlanta,404/872-7203,italian
502,cassis,3300 peachtree rd.  grand hyatt,atlanta,404/365-8100,mediterranean
503,city grill,50 hurt plaza,atlanta,404/524-2489,international
504,coco loco,40  buckhead crossing mall on the sidney marcus blvd.,atlanta,404/364-0212,caribbean
505,colonnade restaurant,1879 cheshire bridge rd.,atlanta,404/874-5642,southern
506,dante's down the hatch  buckhead,3380 peachtree rd.,atlanta,404/266-1600,continental
507,dante's down the hatch,underground underground mall  underground atlanta,atlanta,404/577-1800,continental
508,fat matt's rib shack,1811 piedmont ave.  near cheshire bridge rd.,atlanta,404/607-1622,barbecue
509,french quarter food shop,923 peachtree st.  at 8th st.,atlanta,404/875-2489,southern
510,holt bros. bar-b-q,6359 jimmy carter blvd.  at buford hwy.  norcross,atlanta,770/242-3984,barbecue
511,horseradish grill,4320 powers ferry rd.,atlanta,404/255-7277,southern
512,hsu's gourmet,192 peachtree center ave.  at international blvd.,atlanta,404/659-2788,asian
513,imperial fez,2285 peachtree rd.  peachtree battle condominium,atlanta,404/351-0870,mediterranean
514,kamogawa,3300 peachtree rd.  grand hyatt,atlanta,404/841-0314,asian
515,la grotta at ravinia dunwoody rd.,holiday inn/crowne plaza at ravinia  dunwoody,atlanta,770/395-9925,italian
516,little szechuan,c buford hwy.  northwoods plaza  doraville,atlanta,770/451-0192,asian
517,lowcountry barbecue,6301 roswell rd.  sandy springs plaza  sandy springs,atlanta,404/255-5160,barbecue
518,luna si,1931 peachtree rd.,atlanta,404/355-5993,continental
519,mambo restaurante cubano,1402 n. highland ave.,atlanta,404/874-2626,caribbean
520,mckinnon's louisiane,3209 maple dr.,atlanta,404/237-1313,southern
521,mi spia dunwoody rd.,park place  across from perimeter mall  dunwoody,atlanta,770/393-1333,italian
522,nickiemoto's: a sushi bar,247 buckhead ave.  east village sq.,atlanta,404/842-0334,fusion
523,palisades,1829 peachtree rd.,atlanta,404/350-6755,continental
524,pleasant peasant,555 peachtree st.  at linden ave.,atlanta,404/874-3223,american
525,pricci,500 pharr rd.,atlanta,404/237-2941,italian
526,r.j.'s uptown kitchen & wine bar,870 n. highland ave.,atlanta,404/875-7775,american
527,rib ranch,25 irby ave.,atlanta,404/233-7644,barbecue
528,sa tsu ki,3043 buford hwy.,atlanta,404/325-5285,asian
529,sato sushi and thai,6050 peachtree pkwy.  norcross,atlanta,770/449-0033,asian
530,south city kitchen,1144 crescent ave.,atlanta,404/873-7358,southern
531,south of france,2345 cheshire bridge rd.,atlanta,404/325-6963,french
532,stringer's fish camp and oyster bar,3384 shallowford rd.  chamblee,atlanta,770/458-7145,southern
533,sundown cafe,2165 cheshire bridge rd.,atlanta,404/321-1118,american
534,taste of new orleans,889 w. peachtree st.,atlanta,404/874-5535,southern
535,tomtom,3393 peachtree rd.,atlanta,404/264-1163,continental
536,antonio's,3700 w. flamingo,las vegas,702/252-7737,italian
537,bally's big kitchen,3645 las vegas blvd. s,las vegas,702/739-4111,buffets
538,bamboo garden,4850 flamingo rd.,las vegas,702/871-3262,asian
539,battista's hole in the wall,4041 audrie st. at flamingo rd.,las vegas,702/732-1424,italian
540,bertolini's,3570 las vegas blvd. s,las vegas,702/735-4663,italian
541,binion's coffee shop,128 fremont st.,las vegas,702/382-1600,coffee shops/diners
542,bistro,3400 las vegas blvd. s,las vegas,702/791-7111,continental
543,broiler,4111 boulder hwy.,las vegas,702/432-7777,american
544,bugsy's diner,3555 las vegas blvd. s,las vegas,702/733-3111,coffee shops/diners
545,cafe michelle,1350 e. flamingo rd.,las vegas,702/735-8686,american
546,cafe roma,3570 las vegas blvd. s,las vegas,702/731-7547,coffee shops/diners
547,capozzoli's,3333 s. maryland pkwy.,las vegas,702/731-5311,italian
548,carnival world,3700 w. flamingo rd.,las vegas,702/252-7777,buffets
549,center stage plaza hotel,1 main st.,las vegas,702/386-2512,american
550,circus circus,2880 las vegas blvd. s,las vegas,702/734-0410,buffets
551,empress court,3570 las vegas blvd. s,las vegas,702/731-7888,asian
552,feast,2411 w. sahara ave.,las vegas,702/367-2411,buffets
553,golden nugget hotel,129 e. fremont st.,las vegas,702/385-7111,buffets
554,golden steer,308 w. sahara ave.,las vegas,702/384-4470,steak houses
555,lillie langtry's,129 e. fremont st.,las vegas,702/385-7111,asian
556,mandarin court,1510 e. flamingo rd.,las vegas,702/737-1234,asian
557,margarita's mexican cantina,3120 las vegas blvd. s,las vegas,702/794-8200,mexican
558,mary's diner,5111 w. boulder hwy.,las vegas,702/454-8073,coffee shops/diners
559,mikado,3400 las vegas blvd. s,las vegas,702/791-7111,asian
560,pamplemousse,400 e. sahara ave.,las vegas,702/733-2066,continental
561,ralph's diner,3000 las vegas blvd. s,las vegas,702/732-6330,coffee shops/diners
562,the bacchanal,3570 las vegas blvd. s,las vegas,702/731-7525,only in las vegas
563,venetian,3713 w. sahara ave.,las vegas,702/876-4190,italian
564,viva mercado's,6182 w. flamingo rd.,las vegas,702/871-8826,mexican
565,yolie's,3900 paradise rd.,las vegas,702/794-0700,steak houses
566,2223,2223 market st.,san francisco,415/431-0692,american
567,acquarello,1722 sacramento st.,san francisco,415/567-5432,italian
568,bardelli's,243 o'farrell st.,san francisco,415/982-0243,old san francisco
569,betelnut,2030 union st.,san francisco,415/929-8855,asian
570,bistro roti,155 steuart st.,san francisco,415/495-6500,french
571,bix,56 gold st.,san francisco,415/433-6300,american
572,bizou,598 fourth st.,san francisco,415/543-2222,french
573,buca giovanni,800 greenwich st.,san francisco,415/776-7766,italian
574,cafe adriano,3347 fillmore st.,san francisco,415/474-4180,italian
575,cafe marimba,2317 chestnut st.,san francisco,415/776-1506,mexican/latin american/spanish
576,california culinary academy,625 polk st.,san francisco,415/771-3500,french
577,capp's corner,1600 powell st.,san francisco,415/989-2589,italian
578,carta,1772 market st.,san francisco,415/863-3516,american
579,chevys,4th and howard sts.,san francisco,415/543-8060,mexican/latin american/spanish
580,cypress club,500 jackson st.,san francisco,415/296-8555,american
581,des alpes,732 broadway,san francisco,415/788-9900,french
582,faz,161 sutter st.,san francisco,415/362-0404,greek and middle eastern
583,fog city diner,1300 battery st.,san francisco,415/982-2000,american
584,garden court,market and new montgomery sts.,san francisco,415/546-5011,old san francisco
585,gaylord's,ghirardelli sq.,san francisco,415/771-8822,asian
586,grand cafe hotel monaco,501 geary st.,san francisco,415/292-0101,american
587,greens,bldg. a fort mason,san francisco,415/771-6222,vegetarian
588,harbor village,4 embarcadero center,san francisco,415/781-8833,asian
589,harris',2100 van ness ave.,san francisco,415/673-1888,steak houses
590,harry denton's,161 steuart st.,san francisco,415/882-1333,american
591,hayes street grill,320 hayes st.,san francisco,415/863-5545,seafood
592,helmand,430 broadway,san francisco,415/362-0641,greek and middle eastern
593,hong kong flower lounge,5322 geary blvd.,san francisco,415/668-8998,asian
594,hong kong villa,2332 clement st.,san francisco,415/752-8833,asian
595,hyde street bistro,1521 hyde st.,san francisco,415/441-7778,italian
596,il fornaio levi's plaza,1265 battery st.,san francisco,415/986-0100,italian
597,izzy's steak & chop house,3345 steiner st.,san francisco,415/563-0487,steak houses
598,jack's,615 sacramento st.,san francisco,415/986-9854,old san francisco
599,kabuto sushi,5116 geary blvd.,san francisco,415/752-5652,asian
600,katia's,600 5th ave.,san francisco,415/668-9292,
601,kuleto's,221 powell st.,san francisco,415/397-7720,italian
602,kyo-ya. sheraton palace hotel,2 new montgomery st.  at market st.,san francisco,415/546-5000,asian
603,l'osteria del forno,519 columbus ave.,san francisco,415/982-1124,italian
604,le central,453 bush st.,san francisco,415/391-2233,french
605,le soleil,133 clement st.,san francisco,415/668-4848,asian
606,macarthur park,607 front st.,san francisco,415/398-5700,american
607,manora,3226 mission st.,san francisco,415/861-6224,asian
608,maykadeh,470 green st.,san francisco,415/362-8286,greek and middle eastern
609,mccormick & kuleto's,ghirardelli sq.,san francisco,415/929-1730,seafood
610,millennium,246 mcallister st.,san francisco,415/487-9800,vegetarian
611,moose's,1652 stockton st.,san francisco,415/989-7800,mediterranean
612,north india,3131 webster st.,san francisco,415/931-1556,asian
613,one market,1 market st.,san francisco,415/777-5577,american
614,oritalia,1915 fillmore st.,san francisco,415/346-1333,italian
615,pacific pan pacific hotel,500 post st.,san francisco,415/929-2087,french
616,palio d'asti,640 sacramento st.,san francisco,415/395-9800,italian
617,pane e vino,3011 steiner st.,san francisco,415/346-2111,italian
618,pastis,1015 battery st.,san francisco,415/391-2555,french
619,perry's,1944 union st.,san francisco,415/922-9022,american
620,r&g lounge,631 b kearny st.,san francisco,415/982-7877,or 415/982-3811 asian
621,rubicon,558 sacramento st.,san francisco,415/434-4100,american
622,rumpus,1 tillman pl.,san francisco,415/421-2300,american
623,sanppo,1702 post st.,san francisco,415/346-3486,asian
624,scala's bistro,432 powell st.,san francisco,415/395-8555,italian
625,south park cafe,108 south park,san francisco,415/495-7275,french
626,splendido embarcadero,4,san francisco,415/986-3222,mediterranean
627,stars,150 redwood alley,san francisco,415/861-7827,american
628,stars cafe,500 van ness ave.,san francisco,415/861-4344,american
629,stoyanof's cafe,1240 9th ave.,san francisco,415/664-3664,greek and middle eastern
630,straits cafe,3300 geary blvd.,san francisco,415/668-1783,asian
631,suppenkuche,601 hayes st.,san francisco,415/252-9289,russian/german
632,tadich grill,240 california st.,san francisco,415/391-2373,seafood
633,the heights,3235 sacramento st.,san francisco,415/474-8890,french
634,thepin,298 gough st.,san francisco,415/863-9335,asian
635,ton kiang,3148 geary blvd.,san francisco,415/752-4440,asian
636,vertigo,600 montgomery st.,san francisco,415/433-7250,mediterranean
637,vivande porta via,2125 fillmore st.,san francisco,415/346-4430,italian
638,vivande ristorante,670 golden gate ave.,san francisco,415/673-9245,italian
639,world wrapps,2257 chestnut st.,san francisco,415/563-9727,american
640,wu kong,101 spear st.,san francisco,415/957-9300,asian
641,yank sing,427 battery st.,san francisco,415/541-4949,asian
642,yaya cuisine,1220 9th ave.,san francisco,415/566-6966,greek and middle eastern
643,yoyo tsumami bistro,1611 post st.,san francisco,415/922-7788,french
644,zarzuela,2000 hyde st.,san francisco,415/346-0800,mexican/latin american/spanish
645,zuni cafe & grill,1658 market st.,san francisco,415/552-2522,mediterranean
646,apple pan  the,10801 w. pico blvd.,west la,310-475-3585,american
647,asahi ramen,2027 sawtelle blvd.,west la,310-479-2231,noodle shops
648,baja fresh,3345 kimber dr.,westlake village,805-498-4049,mexican
649,belvedere  the,9882 little santa monica blvd.,beverly hills,310-788-2306,pacific new wave
650,benita's frites,1433 third st. promenade,santa monica,310-458-2889,fast food
651,bernard's,515 s. olive st.,los angeles,213-612-1580,continental
652,bistro 45,45 s. mentor ave.,pasadena,818-795-2478,californian
653,brent's deli,19565 parthenia ave.,northridge,818-886-5679,delis
654,brighton coffee shop,9600 brighton way,beverly hills,310-276-7732,coffee shops
655,bristol farms market cafe,1570 rosecrans ave. s.,pasadena,310-643-5229,californian
656,bruno's,3838 centinela ave.,mar vista,310-397-5703,italian
657,cafe '50s,838 lincoln blvd.,venice,310-399-1955,american
658,cafe blanc,9777 little santa monica blvd.,beverly hills,310-888-0108,pacific new wave
659,cassell's,3266 w. sixth st.,la,213-480-8668,hamburgers
660,chez melange,1716 pch,redondo beach,310-540-1222,eclectic
661,diaghilev,1020 n. san vicente blvd.,w. hollywood,310-854-1111,russian
662,don antonio's,1136 westwood blvd.,westwood,310-209-1422,italian
663,duke's,8909 sunset blvd.,w. hollywood,310-652-3100,coffee shops
664,falafel king,1059 broxton ave.,westwood,310-208-4444,middle eastern
665,feast from the east,1949 westwood blvd.,west la,310-475-0400,chinese
666,gumbo pot  the,6333 w. third st.,la,213-933-0358,cajun/creole
667,hollywood hills coffee shop,6145 franklin ave.,hollywood,213-467-7678,coffee shops
668,indo cafe,10428 1/2 national blvd.,la,310-815-1290,indonesian
669,jan's family restaurant,8424 beverly blvd.,la,213-651-2866,coffee shops
670,jiraffe,502 santa monica blvd,santa monica,310-917-6671,californian
671,jody maroni's sausage kingdom,2011 ocean front walk,venice,310-306-1995,hot dogs
672,joe's,1023 abbot kinney blvd.,venice,310-399-5811,american (new)
673,john o'groats,10516 w. pico blvd.,west la,310-204-0692,coffee shops
674,johnnie's pastrami,4017 s. sepulveda blvd.,culver city,310-397-6654,delis
675,johnny reb's southern smokehouse,4663 long beach blvd.,long beach,310-423-7327,southern/soul
676,johnny rockets (la),7507 melrose ave.,la,213-651-3361,american
677,killer shrimp,4000 colfax ave.,studio city,818-508-1570,seafood
678,kokomo cafe,6333 w. third st.,la,213-933-0773,american
679,koo koo roo,8393 w. beverly blvd.,la,213-655-9045,chicken
680,la cachette,10506 little santa monica blvd.,century city,310-470-4992,french (new)
681,la salsa (la),22800 pch,malibu,310-456-6299,mexican
682,la serenata de garibaldi,1842 e. first,st. boyle hts.,213-265-2887,mexican/tex-mex
683,langer's,704 s. alvarado st.,la,213-483-8050,delis
684,local nochol,30869 thousand oaks blvd.,westlake village,818-706-7706,health food
685,main course  the,10509 w. pico blvd.,rancho park,310-475-7564,american
686,mani's bakery & espresso bar,519 s. fairfax ave.,la,213-938-8800,desserts
687,martha's,22nd street grill 25 22nd,st. hermosa beach,310-376-7786,american
688,maxwell's cafe,13329 washington blvd.,marina del rey,310-306-7829,american
689,michael's (los angeles),1147 third st.,santa monica,310-451-0843,californian
690,mishima,8474 w. third st.,la,213-782-0181,noodle shops
691,mo better meatty meat,7261 melrose ave.,la,213-935-5280,hamburgers
692,mulberry st.,17040 ventura blvd.,encino,818-906-8881,pizza
693,ocean park cafe,3117 ocean park blvd.,santa monica,310-452-5728,american
694,ocean star,145 n. atlantic blvd.,monterey park,818-308-2128,seafood
695,original pantry bakery,875 s. figueroa st. downtown,la,213-627-6879,diners
696,parkway grill,510 s. arroyo pkwy.,pasadena,818-795-1001,californian
697,pho hoa,642 broadway,chinatown,213-626-5530,vietnamese
698,pink's famous chili dogs,709 n. la brea ave.,la,213-931-4223,hot dogs
699,poquito mas,2635 w. olive ave.,burbank,818-563-2252,mexican
700,r-23,923 e. third st.,los angeles,213-687-7178,japanese
701,rae's,2901 pico blvd.,santa monica,310-828-7937,diners
702,rubin's red hots,15322 ventura blvd.,encino,818-905-6515,hot dogs
703,ruby's (la),45 s. fair oaks ave.,pasadena,818-796-7829,diners
704,russell's burgers,1198 pch,seal beach,310-596-9556,hamburgers
705,ruth's chris steak house (los angeles),224 s. beverly dr.,beverly hills,310-859-8744,steakhouses
706,shiro,1505 mission st. s.,pasadena,818-799-4774,pacific new wave
707,sushi nozawa,11288 ventura blvd.,studio city,818-508-7017,japanese
708,sweet lady jane,8360 melrose ave.,la,213-653-7145,desserts
709,taiko,11677 san vicente blvd.,brentwood,310-207-7782,noodle shops
710,tommy's,2575 beverly blvd.,la,213-389-9060,hamburgers
711,uncle bill's pancake house,1305 highland ave.,manhattan beach,310-545-5177,diners
712,water grill,544 s. grand ave.,los angeles,213-891-0900,seafood
713,zankou chicken,1415 e. colorado st.,glendale,818-244-1937,middle eastern
714,afghan kebab house,764 ninth ave.,new york city,212-307-1612,afghan
715,arcadia,21 e. 62nd st.,new york city,212-223-2900,american (new)
716,benny's burritos,93 ave. a,new york city,212-254-2054,mexican
717,cafe con leche,424 amsterdam ave.,new york city,212-595-7000,cuban
718,corner bistro,331 w. fourth st.,new york city,212-242-9502,hamburgers
719,cucina della fontana,368 bleecker st.,new york city,212-242-0636,italian
720,cucina di pesce,87 e. fourth st.,new york city,212-260-6800,seafood
721,darbar,44 w. 56th st.,new york city,212-432-7227,indian
722,ej's luncheonette,432 sixth ave.,new york city,212-473-5555,diners
723,edison cafe,228 w. 47th st.,new york city,212-840-5000,diners
724,elias corner,24-02 31st st.,queens,718-932-1510,greek
725,good enough to eat,483 amsterdam ave.,new york city,212-496-0163,american
726,gray's papaya,2090 broadway,new york city,212-799-0243,hot dogs
727,il mulino,86 w. third st.,new york city,212-673-3783,italian
728,jackson diner,37-03 74th st.,queens,718-672-1232,indian
729,joe's shanghai,9 pell st.,queens,718-539-3838,chinese
730,john's pizzeria,48 w. 65th st.,new york city,212-721-7001,pizza
731,kelley & ping,127 greene st.,new york city,212-228-1212,pan-asian
732,kiev,117 second ave.,new york city,212-674-4040,ukrainian
733,kuruma zushi,2nd fl.,new york city,212-317-2802,japanese
734,la caridad,2199 broadway,new york city,212-874-2780,cuban
735,la grenouille,3 e. 52nd st.,new york city,212-752-1495,french (classic)
736,lemongrass grill,61a seventh ave.,brooklyn,718-399-7100,thai
737,lombardi's,32 spring st.,new york city,212-941-7994,pizza
738,marnie's noodle shop,466 hudson st.,new york city,212-741-3214,asian
739,menchanko-tei,39 w. 55th st.,new york city,212-247-1585,japanese
740,mitali east-west,296 bleecker st.,new york city,212-989-1367,indian
741,monsoon (ny),435 amsterdam ave.,new york city,212-580-8686,thai
742,moustache,405 atlantic ave.,brooklyn,718-852-5555,middle eastern
743,nobu,105 hudson st.,new york city,212-219-0500,japanese
744,one if by land  tibs,17 barrow st.,new york city,212-228-0822,continental
745,oyster bar,lower level,new york city,212-490-6650,seafood
746,palm,837 second ave.,new york city,212-687-2953,steakhouses
747,palm too,840 second ave.,new york city,212-697-5198,steakhouses
748,patsy's pizza,19 old fulton st.,brooklyn,718-858-4300,pizza
749,peter luger steak house,178 broadway,brooklyn,718-387-7400,steakhouses
750,rose of india,308 e. sixth st.,new york city,212-533-5011,indian
751,sam's noodle shop,411 third ave.,new york city,212-213-2288,chinese
752,sarabeth's,1295 madison ave.,new york city,212-410-7335,american
753,sparks steak house,210 e. 46th st.,new york city,212-687-4855,steakhouses
754,stick to your ribs,5-16 51st ave.,queens,718-937-3030,bbq
755,sushisay,38 e. 51st st.,new york city,212-755-1780,japanese
756,sylvia's,328 lenox ave.,new york city,212-996-0660,southern/soul
757,szechuan hunan cottage,1588 york ave.,new york city,212-535-5223,chinese
758,szechuan kitchen,1460 first ave.,new york city,212-249-4615,chinese
759,teresa's,80 montague st.,queens,718-520-2910,polish
760,thai house cafe,151 hudson st.,new york city,212-334-1085,thai
761,thailand restaurant,106 bayard st.,new york city,212-349-3132,thai
762,veselka,144 second ave.,new york city,212-228-9682,ukrainian
763,westside cottage,689 ninth ave.,new york city,212-245-0800,chinese
764,windows on the world,107th fl.,new york city,212-524-7000,eclectic
765,wollensky's grill,205 e. 49th st.,new york city,212-753-0444,steakhouses
766,yama,122 e. 17th st.,new york city,212-475-0969,japanese
767,zarela,953 second ave.,new york city,212-644-6740,mexican
768,andre's french restaurant,401 s. 6th st.,las vegas,702-385-5016,french (classic)
769,buccaneer bay club,3300 las vegas blvd. s.,las vegas,702-894-7350,continental
770,buzio's in the rio,3700 w. flamingo rd.,las vegas,702-252-7697,seafood
771,emeril's new orleans fish house,3799 las vegas blvd. s.,las vegas,702-891-7374,seafood
772,fiore rotisserie & grille,3700 w. flamingo rd.,las vegas,702-252-7702,italian
773,hugo's cellar,202 e. fremont st.,las vegas,702-385-4011,continental
774,madame ching's,3300 las vegas blvd. s.,las vegas,702-894-7111,asian
775,mayflower cuisinier,4750 w. sahara ave.,las vegas,702-870-8432,chinese
776,michael's (las vegas),3595 las vegas blvd. s.,las vegas,702-737-7111,continental
777,monte carlo,3145 las vegas blvd. s.,las vegas,702-733-4524,french (new)
778,moongate,3400 las vegas blvd. s.,las vegas,702-791-7352,chinese
779,morton's of chicago (las vegas),3200 las vegas blvd. s.,las vegas,702-893-0703,steakhouses
780,nicky blair's,3925 paradise rd.,las vegas,702-792-9900,italian
781,piero's restaurant,355 convention center dr.,las vegas,702-369-2305,italian
782,spago (las vegas),3500 las vegas blvd. s.,las vegas,702-369-6300,californian
783,steakhouse  the,128 e. fremont st.,las vegas,702-382-1600,steakhouses
784,stefano's,129 fremont st.,las vegas,702-385-7111,italian
785,sterling brunch,3645 las vegas blvd. s.,las vegas,702-739-4651,eclectic
786,tre visi,3799 las vegas blvd. s.,las vegas,702-891-7331,italian
787,103 west,103 w. paces ferry rd.,atlanta,404-233-5993,continental
788,alon's at the terrace,659 peachtree st.,atlanta,404-724-0444,sandwiches
789,baker's cajun cafe,1134 euclid ave.,atlanta,404-223-5039,cajun/creole
790,barbecue kitchen,1437 virginia ave.,atlanta,404-766-9906,bbq
791,bistro  the,56 e. andrews dr. nw,atlanta,404-231-5733,french bistro
792,bobby & june's kountry kitchen,375 14th st.,atlanta,404-876-3872,southern/soul
793,bradshaw's restaurant,2911 s. pharr court,atlanta,404-261-7015,southern/soul
794,brookhaven cafe,4274 peachtree rd.,atlanta,404-231-5907,vegetarian
795,cafe sunflower,5975 roswell rd.,atlanta,404-256-1675,health food
796,canoe,4199 paces ferry rd.,atlanta,770-432-2663,american (new)
797,carey's,1021 cobb pkwy. se,marietta,770-422-8042,hamburgers
798,carey's corner,1215 powers ferry rd.,marietta,770-933-0909,hamburgers
799,chops,70 w. paces ferry rd.,atlanta,404-262-2675,steakhouses
800,chopstix,4279 roswell rd.,atlanta,404-255-4868,chinese
801,deacon burton's soulfood restaurant,1029 edgewood ave. se,atlanta,404-523-1929,southern/soul
802,eats,600 ponce de leon ave.,atlanta,404-888-9149,italian
803,flying biscuit  the,1655 mclendon ave.,atlanta,404-687-8888,eclectic
804,frijoleros,1031 peachtree st. ne,atlanta,404-892-8226,tex-mex
805,greenwood's,1087 green st.,roswell,770-992-5383,southern/soul
806,harold's barbecue,171 mcdonough blvd.,atlanta,404-627-9268,bbq
807,havana sandwich shop,2905 buford hwy.,atlanta,404-636-4094,cuban
808,house of chan,2469 cobb pkwy.,smyrna,770-955-9444,chinese
809,indian delights,3675 satellite blvd.,duluth,100-813-8212,indian
810,java jive,790 ponce de leon ave.,atlanta,404-876-6161,coffee shops
811,johnny rockets (at),2970 cobb pkwy.,atlanta,770-955-6068,american
812,kalo's coffee house,1248 clairmont rd.,decatur,404-325-3733,coffeehouses
813,la fonda latina,4427 roswell rd.,atlanta,404-303-8201,spanish
814,lettuce souprise you (at),3525 mall blvd.,duluth,770-418-9969,cafeterias
815,majestic,1031 ponce de leon ave.,atlanta,404-875-0276,diners
816,morton's of chicago (atlanta),303 peachtree st. ne,atlanta,404-577-4366,steakhouses
817,my thai,1248 clairmont rd.,atlanta,404-636-4280,thai
818,nava,3060 peachtree rd.,atlanta,404-240-1984,southwestern
819,nuevo laredo cantina,1495 chattahoochee ave. nw,atlanta,404-352-9009,mexican
820,original pancake house (at),4330 peachtree rd.,atlanta,404-237-4116,american
821,palm  the (atlanta),3391 peachtree rd. ne,atlanta,404-814-1955,steakhouses
822,rainbow restaurant,2118 n. decatur rd.,decatur,404-633-3538,vegetarian
823,ritz-carlton cafe (atlanta),181 peachtree st.,atlanta,404-659-0400,american (new)
824,riviera,519 e. paces ferry rd.,atlanta,404-262-7112,mediterranean
825,silver skillet  the,200 14th st. nw,atlanta,404-874-1388,coffee shops
826,soto,3330 piedmont rd.,atlanta,404-233-2005,japanese
827,thelma's kitchen,764 marietta st. nw,atlanta,404-688-5855,cafeterias
828,tortillas,774 ponce de leon ave. ne,atlanta,404-892-0193,tex-mex
829,van gogh's restaurant & bar,70 w. crossville rd.,roswell,770-993-1156,american (new)
830,veggieland,220 sandy springs circle,atlanta,404-231-3111,vegetarian
831,white house restaurant,3172 peachtree rd. ne,atlanta,404-237-7601,diners
832,zab-e-lee,4837 old national hwy.,college park,404-768-2705,thai
833,bill's place,2315 clement st.,san francisco,415-221-5262,hamburgers
834,cafe flore,2298 market st.,san francisco,415-621-8579,californian
835,caffe greco,423 columbus ave.,san francisco,415-397-6261,continental
836,campo santo,240 columbus ave.,san francisco,415-433-9623,mexican
837,cha cha cha's,1805 haight st.,san francisco,415-386-5758,caribbean
838,doidge's,2217 union st.,san francisco,415-921-2149,american
839,dottie's true blue cafe,522 jones st.,san francisco,415-885-2767,diners
840,dusit thai,3221 mission st.,san francisco,415-826-4639,thai
841,ebisu,1283 ninth ave.,san francisco,415-566-1770,japanese
842,emerald garden restaurant,1550 california st.,san francisco,415-673-1155,vietnamese
843,eric's chinese restaurant,1500 church st.,san francisco,415-282-0919,chinese
844,hamburger mary's,1582 folsom st.,san francisco,415-626-1985,hamburgers
845,kelly's on trinity,333 bush st.,san francisco,415-362-4454,californian
846,la cumbre,515 valencia st.,san francisco,415-863-8205,mexican
847,la mediterranee,288 noe st.,san francisco,415-431-7210,mediterranean
848,la taqueria,2889 mission st.,san francisco,415-285-7117,mexican
849,mario's bohemian cigar store cafe,2209 polk st.,san francisco,415-776-8226,italian
850,marnee thai,2225 irving st.,san francisco,415-665-9500,thai
851,mel's drive-in,3355 geary st.,san francisco,415-387-2244,hamburgers
852,mo's burgers,1322 grant st.,san francisco,415-788-3779,hamburgers
853,phnom penh cambodian restaurant,631 larkin st.,san francisco,415-775-5979,cambodian
854,roosevelt tamale parlor,2817 24th st.,san francisco,415-550-9213,mexican
855,sally's cafe & bakery,300 de haro st.,san francisco,415-626-6006,american
856,san francisco bbq,1328 18th st.,san francisco,415-431-8956,thai
857,slanted door,584 valencia st.,san francisco,415-861-8032,vietnamese
858,swan oyster depot,1517 polk st.,san francisco,415-673-1101,seafood
859,thep phanom,400 waller st.,san francisco,415-431-2526,thai
860,ti couz,3108 16th st.,san francisco,415-252-7373,french
861,trio cafe,1870 fillmore st.,san francisco,415-563-2248,american
862,tu lan,8 sixth st.,san francisco,415-626-0927,vietnamese
863,vicolo pizzeria,201 ivy st.,san francisco,415-863-2382,pizza
864,wa-ha-ka oaxaca mexican grill,2141 polk st.,san francisco,415-775-1055,mexican
